PG,SG,SF,PF,C,G,F,UTIL
Andrew Wiggins,Bam Adebayo,De'Aaron Fox,Evan Mobley,Immanuel Quickley,Kyshawn George,Ryan Rollins,Wendell Carter Jr.
Cole Anthony,Franz Wagner,Immanuel Quickley,Jalen Duren,Jordan Poole,Kevin Porter Jr.,Kyle Kuzma,Santi Aldama
Donovan Mitchell,Immanuel Quickley,Isaiah Stewart,Jordan Poole,Kyle Kuzma,Paolo Banchero,Santi Aldama,Wendell Carter Jr.
AJ Green,Bam Adebayo,Franz Wagner,Jordan Poole,Karl-Anthony Towns,Ryan Rollins,Santi Aldama,Wendell Carter Jr.
AJ Green,Bam Adebayo,Donovan Mitchell,Immanuel Quickley,Kevin Porter Jr.,Paolo Banchero,RJ Barrett,Wendell Carter Jr.
Brook Lopez,De'Aaron Fox,Immanuel Quickley,Jordan Poole,Kyshawn George,Ryan Rollins,Santi Aldama,Scottie Barnes
Franz Wagner,Immanuel Quickley,Jalen Duren,Karl-Anthony Towns,Kevin Porter Jr.,Khris Middleton,Nikola Jovic,Ryan Rollins
De'Aaron Fox,Immanuel Quickley,Karl-Anthony Towns,Kevin Porter Jr.,Klay Thompson,Kyle Kuzma,Santi Aldama,Wendell Carter Jr.
Alexandre Sarr,Immanuel Quickley,Jordan Poole,Kevin Porter Jr.,Paolo Banchero,Santi Aldama,Scottie Barnes,Wendell Carter Jr.
Bam Adebayo,Cole Anthony,De'Aaron Fox,Karl-Anthony Towns,Kevin Porter Jr.,Klay Thompson,Santi Aldama,Wendell Carter Jr.
AJ Green,Alexandre Sarr,Ausar Thompson,De'Aaron Fox,Franz Wagner,Jordan Poole,Kyle Kuzma,Wendell Carter Jr.
Alexandre Sarr,Bam Adebayo,De'Aaron Fox,Immanuel Quickley,Kelly Olynyk,Kyle Kuzma,PJ Washington,Ryan Rollins
De'Aaron Fox,Immanuel Quickley,Kevin Porter Jr.,Kyle Kuzma,PJ Washington,Santi Aldama,Wendell Carter Jr.,Zion Williamson
AJ Green,Alexandre Sarr,Bam Adebayo,Donovan Mitchell,Kel'el Ware,Kevin Porter Jr.,Khris Middleton,Paolo Banchero
Ausar Thompson,De'Aaron Fox,Donovan Mitchell,Kevin Porter Jr.,Orlando Robinson,Paolo Banchero,RJ Barrett,Wendell Carter Jr.
Cole Anthony,De'Aaron Fox,Franz Wagner,Jordan Poole,Kel'el Ware,Kevin Porter Jr.,Kyshawn George,Max Strus
AJ Green,De'Aaron Fox,Donovan Mitchell,Franz Wagner,Kelly Olynyk,Kevin Porter Jr.,Santi Aldama,Zion Williamson
Alexandre Sarr,Bam Adebayo,Jordan Poole,Kevin Porter Jr.,RJ Barrett,Santi Aldama,Wendell Carter Jr.,Zion Williamson
Bam Adebayo,De'Aaron Fox,Franz Wagner,Jordan Poole,Khris Middleton,Orlando Robinson,Ryan Rollins,Wendell Carter Jr.
Bam Adebayo,De'Aaron Fox,Jalen Duren,Jordan Poole,Kyle Kuzma,Ryan Rollins,Santi Aldama,Wendell Carter Jr.
Bam Adebayo,De'Aaron Fox,Franz Wagner,Kel'el Ware,Kevin Porter Jr.,Precious Achiuwa,Ryan Rollins,Wendell Carter Jr.
Bam Adebayo,Chris Paul,De'Aaron Fox,Franz Wagner,Immanuel Quickley,Kevin Porter Jr.,Santi Aldama,Wendell Carter Jr.
Bam Adebayo,Donovan Mitchell,Franz Wagner,Kevin Porter Jr.,Max Christie,Orlando Robinson,PJ Washington,Wendell Carter Jr.
AJ Green,Gary Trent Jr.,Immanuel Quickley,Jalen Duren,Jordan Poole,Karl-Anthony Towns,Kyle Kuzma,Kyshawn George
Alexandre Sarr,CJ McCollum,Franz Wagner,Immanuel Quickley,Kelly Olynyk,Kevin Porter Jr.,Kyle Kuzma,Precious Achiuwa
Cole Anthony,De'Aaron Fox,Kelly Olynyk,Kevin Porter Jr.,Kyle Kuzma,Kyrie Irving,PJ Washington,Santi Aldama
Dennis Schroder,Immanuel Quickley,Jordan Poole,Khris Middleton,Kyle Kuzma,PJ Washington,Paolo Banchero,Ryan Rollins
Alexandre Sarr,De'Aaron Fox,Kelly Olynyk,Kyle Kuzma,Kyrie Irving,Kyshawn George,PJ Washington,Ryan Rollins
De'Aaron Fox,Immanuel Quickley,Kelly Olynyk,Kevin Porter Jr.,Kyle Kuzma,RJ Barrett,Wendell Carter Jr.,Zion Williamson
Ausar Thompson,De'Aaron Fox,Evan Mobley,Franz Wagner,Kelly Olynyk,Kevin Porter Jr.,Orlando Robinson,RJ Barrett
Alexandre Sarr,CJ McCollum,Kevin Porter Jr.,Kyshawn George,PJ Washington,Paolo Banchero,Ryan Rollins,Trey Murphy III
Cameron Payne,De'Aaron Fox,Immanuel Quickley,PJ Washington,Paolo Banchero,Ryan Rollins,Wendell Carter Jr.,Zion Williamson
Bam Adebayo,Franz Wagner,Immanuel Quickley,Jalen Duren,Kelly Olynyk,Kevin Porter Jr.,RJ Barrett,Santi Aldama
Andrew Wiggins,Jordan Poole,Karl-Anthony Towns,Keldon Johnson,Kevin Porter Jr.,Kyle Kuzma,Orlando Robinson,Stephon Castle
AJ Green,Bam Adebayo,Devin Vassell,Donovan Mitchell,Franz Wagner,Kelly Olynyk,Kevin Porter Jr.,Kyle Kuzma
Immanuel Quickley,Jordan Poole,Kevin Porter Jr.,Kyshawn George,Paolo Banchero,Precious Achiuwa,Wendell Carter Jr.,Zion Williamson
AJ Green,Cade Cunningham,De'Aaron Fox,Kyle Kuzma,Kyshawn George,Orlando Robinson,Paolo Banchero,Wendell Carter Jr.
Bam Adebayo,Evan Mobley,Immanuel Quickley,Kevin Porter Jr.,Klay Thompson,Max Strus,Wendell Carter Jr.,Zion Williamson
Alexandre Sarr,Dante Exum,De'Aaron Fox,Franz Wagner,Jordan Poole,Kelly Olynyk,Kevin Porter Jr.,Kyle Kuzma
AJ Green,Alexandre Sarr,Bam Adebayo,De'Aaron Fox,Kyle Kuzma,Max Christie,Orlando Robinson,Zion Williamson
AJ Green,De'Aaron Fox,Franz Wagner,Jordan Poole,Kel'el Ware,Max Strus,PJ Washington,Ryan Rollins
AJ Green,Bam Adebayo,De'Aaron Fox,Kel'el Ware,Kevin Porter Jr.,Kyle Kuzma,Wendell Carter Jr.,Zion Williamson
Ausar Thompson,De'Aaron Fox,Franz Wagner,Jordan Poole,Kelly Olynyk,Kevin Porter Jr.,Paolo Banchero,Ryan Rollins
De'Aaron Fox,Immanuel Quickley,Kelly Olynyk,Kyle Kuzma,Precious Achiuwa,Ryan Rollins,Tobias Harris,Zion Williamson
Alexandre Sarr,Andrew Wiggins,Kelly Olynyk,Kevin Porter Jr.,Kyrie Irving,Paolo Banchero,Ryan Rollins,Trey Murphy III
Alexandre Sarr,Cade Cunningham,Devin Vassell,Evan Mobley,Kelly Olynyk,Kevin Porter Jr.,Kyle Kuzma,Santi Aldama
Ausar Thompson,Bam Adebayo,De'Aaron Fox,Devin Vassell,Karl-Anthony Towns,Kyshawn George,Ryan Rollins,Wendell Carter Jr.
Bam Adebayo,De'Aaron Fox,Franz Wagner,Isaiah Stewart,Jordan Poole,Kevin Porter Jr.,Khris Middleton,Orlando Robinson
Ausar Thompson,Chris Paul,Darius Garland,Franz Wagner,Immanuel Quickley,Kevin Porter Jr.,Paolo Banchero,Wendell Carter Jr.
Dante Exum,De'Aaron Fox,Franz Wagner,Immanuel Quickley,Kevin Porter Jr.,Kyrie Irving,Orlando Robinson,Santi Aldama
Bam Adebayo,Franz Wagner,Kelly Olynyk,Kevin Porter Jr.,Kyrie Irving,Kyshawn George,PJ Washington,Ryan Rollins
Alexandre Sarr,Ausar Thompson,Chris Paul,De'Aaron Fox,Immanuel Quickley,Jordan Poole,Kyle Kuzma,Max Strus
De'Aaron Fox,Immanuel Quickley,Kevin Porter Jr.,Kyrie Irving,Kyshawn George,Max Strus,Wendell Carter Jr.,Zion Williamson
Cole Anthony,Dante Exum,Jordan Poole,Kelly Olynyk,Kyle Kuzma,Kyshawn George,Paolo Banchero,Zion Williamson
Bam Adebayo,De'Aaron Fox,Devin Vassell,Immanuel Quickley,Kevin Porter Jr.,Max Strus,Paolo Banchero,Wendell Carter Jr.
De'Aaron Fox,Immanuel Quickley,Kelly Olynyk,Kevin Porter Jr.,Khris Middleton,PJ Washington,Paolo Banchero,Precious Achiuwa
Immanuel Quickley,Jordan Poole,Kelly Olynyk,Kevin Porter Jr.,Kyle Kuzma,Kyrie Irving,PJ Washington,Santi Aldama
Cade Cunningham,De'Aaron Fox,Devin Vassell,Gary Trent Jr.,Immanuel Quickley,Kyle Kuzma,Ryan Rollins,Wendell Carter Jr.
De'Aaron Fox,Franz Wagner,Immanuel Quickley,Kelly Olynyk,Kevin Porter Jr.,Klay Thompson,Wendell Carter Jr.,Zion Williamson
Ausar Thompson,Bam Adebayo,Chris Paul,De'Aaron Fox,Jordan Poole,Kyle Kuzma,Kyshawn George,Ryan Rollins
Ausar Thompson,De'Aaron Fox,Franz Wagner,Immanuel Quickley,Kelly Olynyk,Kevin Porter Jr.,Max Strus,Zion Williamson
Alexandre Sarr,Ausar Thompson,Bam Adebayo,Chris Paul,De'Aaron Fox,Immanuel Quickley,Kelly Olynyk,Kyle Kuzma
AJ Green,Evan Mobley,Kel'el Ware,Kelly Olynyk,Kevin Porter Jr.,Kyle Kuzma,Kyrie Irving,PJ Washington
Darius Garland,De'Aaron Fox,Immanuel Quickley,Kelly Olynyk,Klay Thompson,Kyle Kuzma,PJ Washington,Wendell Carter Jr.
Bam Adebayo,De'Aaron Fox,Gary Trent Jr.,Immanuel Quickley,Kelly Olynyk,Kevin Porter Jr.,Paolo Banchero,Tobias Harris
Bam Adebayo,CJ McCollum,Immanuel Quickley,Jordan Poole,Kelly Olynyk,Kyle Kuzma,Kyshawn George,Wendell Carter Jr.
Bam Adebayo,CJ McCollum,De'Aaron Fox,Franz Wagner,Kelly Olynyk,Kevin Porter Jr.,Orlando Robinson,Santi Aldama
De'Aaron Fox,Devin Vassell,Immanuel Quickley,Kelly Olynyk,Kevin Porter Jr.,Kyle Kuzma,Paolo Banchero,Tobias Harris
Cade Cunningham,Donovan Mitchell,Kelly Olynyk,Kevin Porter Jr.,Klay Thompson,Paolo Banchero,Santi Aldama,Wendell Carter Jr.
AJ Green,Alexandre Sarr,Bam Adebayo,Cade Cunningham,Kelly Olynyk,Kevin Porter Jr.,Khris Middleton,Paolo Banchero
Ausar Thompson,Bam Adebayo,Darius Garland,De'Aaron Fox,Kelly Olynyk,Kevin Porter Jr.,Paolo Banchero,Wendell Carter Jr.
Cade Cunningham,Devin Vassell,Donovan Mitchell,Kevin Porter Jr.,Max Strus,Orlando Robinson,Paolo Banchero,Wendell Carter Jr.
Bam Adebayo,De'Aaron Fox,Devin Vassell,Immanuel Quickley,Kelly Olynyk,Kevin Porter Jr.,Kyshawn George,Paolo Banchero
AJ Green,CJ McCollum,Kevin Porter Jr.,Kyle Kuzma,Kyrie Irving,Orlando Robinson,PJ Washington,RJ Barrett
AJ Green,Bam Adebayo,Cade Cunningham,Jeremy Sochan,Jordan Poole,RJ Barrett,Ryan Rollins,Wendell Carter Jr.
Bam Adebayo,Devin Vassell,Immanuel Quickley,Kelly Olynyk,Kyle Kuzma,Kyrie Irving,Kyshawn George,Santi Aldama
AJ Green,Ausar Thompson,Bam Adebayo,Evan Mobley,Jordan Poole,Kelly Olynyk,Kyrie Irving,Ryan Rollins
Ausar Thompson,Cade Cunningham,De'Aaron Fox,Franz Wagner,Kelly Olynyk,Kevin Porter Jr.,Kyshawn George,Wendell Carter Jr.
Ausar Thompson,Chris Paul,Karl-Anthony Towns,Kel'el Ware,Kevin Porter Jr.,Kyle Kuzma,Max Strus,PJ Washington
CJ McCollum,De'Aaron Fox,Devin Vassell,Jordan Poole,Kevin Porter Jr.,Kyle Kuzma,Kyshawn George,Wendell Carter Jr.
AJ Green,Bam Adebayo,Chris Paul,Devin Vassell,Karl-Anthony Towns,Kevin Porter Jr.,Paolo Banchero,Wendell Carter Jr.
Bam Adebayo,Devin Vassell,Immanuel Quickley,Kevin Porter Jr.,Max Christie,PJ Washington,Paolo Banchero,Wendell Carter Jr.
Bam Adebayo,Kevin Porter Jr.,Max Christie,Orlando Robinson,RJ Barrett,Trey Murphy III,Wendell Carter Jr.,Zion Williamson
Ausar Thompson,Cade Cunningham,De'Aaron Fox,Immanuel Quickley,Kelly Olynyk,Kevin Porter Jr.,Kyle Kuzma,Max Strus
Ausar Thompson,De'Aaron Fox,Karl-Anthony Towns,Kelly Olynyk,Kevin Porter Jr.,Max Christie,Santi Aldama,Zion Williamson
Cade Cunningham,Devin Vassell,Kevin Porter Jr.,Kyle Kuzma,Orlando Robinson,Paolo Banchero,Precious Achiuwa,Wendell Carter Jr.
Bam Adebayo,De'Aaron Fox,Devin Vassell,Franz Wagner,Isaiah Stewart,Kelly Olynyk,Kevin Porter Jr.,RJ Barrett
Ausar Thompson,Bam Adebayo,Chris Paul,De'Aaron Fox,Karl-Anthony Towns,Kelly Olynyk,Kevin Porter Jr.,Santi Aldama
Ausar Thompson,Cade Cunningham,Kelly Olynyk,Kevin Porter Jr.,Kyle Kuzma,PJ Washington,RJ Barrett,Wendell Carter Jr.
Cade Cunningham,Devin Vassell,Jordan Poole,Kevin Porter Jr.,Khris Middleton,Paolo Banchero,Ryan Rollins,Wendell Carter Jr.
Cade Cunningham,Devin Vassell,Franz Wagner,Kelly Olynyk,Kevin Porter Jr.,Kyle Kuzma,Nikola Jovic,Wendell Carter Jr.
Ausar Thompson,Bam Adebayo,De'Aaron Fox,Jordan Poole,Kelly Olynyk,Kevin Porter Jr.,Ryan Rollins,Zion Williamson
Alexandre Sarr,De'Aaron Fox,Devin Vassell,Kelly Olynyk,Kevin Porter Jr.,Precious Achiuwa,RJ Barrett,Zion Williamson
Bam Adebayo,Devin Vassell,Immanuel Quickley,Kelly Olynyk,Kevin Porter Jr.,Paolo Banchero,Wendell Carter Jr.,Zion Williamson
Bam Adebayo,De'Aaron Fox,Kelly Olynyk,Kevin Porter Jr.,Max Christie,RJ Barrett,Wendell Carter Jr.,Zion Williamson
Cade Cunningham,Jalen Duren,Jordan Poole,Kevin Porter Jr.,Max Strus,Orlando Robinson,Paolo Banchero,Santi Aldama
Bam Adebayo,CJ McCollum,De'Aaron Fox,Devin Vassell,Kevin Porter Jr.,Orlando Robinson,RJ Barrett,Santi Aldama
Chris Paul,De'Aaron Fox,Devin Vassell,Kel'el Ware,Kevin Porter Jr.,Kyle Kuzma,Paolo Banchero,Wendell Carter Jr.
Alexandre Sarr,Bam Adebayo,Cade Cunningham,Dante Exum,De'Aaron Fox,Kelly Olynyk,Kevin Porter Jr.,Santi Aldama
De'Aaron Fox,Devin Vassell,Karl-Anthony Towns,Kelly Olynyk,Kevin Porter Jr.,Kyshawn George,Max Strus,Trey Murphy III
Bam Adebayo,Cole Anthony,De'Aaron Fox,Devin Vassell,Jalen Duren,Kelly Olynyk,Kevin Porter Jr.,PJ Washington
Bam Adebayo,Chris Paul,De'Aaron Fox,Devin Vassell,Immanuel Quickley,Kelly Olynyk,Kyle Kuzma,Santi Aldama
AJ Green,De'Aaron Fox,Devin Vassell,Jordan Poole,Kevin Porter Jr.,Orlando Robinson,Paolo Banchero,Zion Williamson
Ausar Thompson,Bam Adebayo,De'Aaron Fox,Immanuel Quickley,Jalen Duren,Kelly Olynyk,Kevin Porter Jr.,PJ Washington
Bam Adebayo,Chris Paul,Dante Exum,Immanuel Quickley,Karl-Anthony Towns,Kelly Olynyk,Kevin Porter Jr.,RJ Barrett
Ausar Thompson,Bilal Coulibaly,De'Aaron Fox,Jordan Poole,Kel'el Ware,Kevin Porter Jr.,PJ Washington,Wendell Carter Jr.
AJ Green,Cade Cunningham,Franz Wagner,Immanuel Quickley,Kelly Olynyk,Kevin Porter Jr.,Klay Thompson,PJ Washington
CJ McCollum,Franz Wagner,Jalen Duren,Kelly Olynyk,Kevin Porter Jr.,Max Christie,Paolo Banchero,Santi Aldama
Ausar Thompson,CJ McCollum,Franz Wagner,Kevin Porter Jr.,Kyrie Irving,Orlando Robinson,Tobias Harris,Wendell Carter Jr.
Bam Adebayo,Dante Exum,Devin Vassell,Immanuel Quickley,Kelly Olynyk,Khris Middleton,Kyle Kuzma,Paolo Banchero
Bam Adebayo,Darius Garland,De'Aaron Fox,Kelly Olynyk,Khris Middleton,Klay Thompson,Santi Aldama,Tobias Harris
De'Aaron Fox,Devin Vassell,Karl-Anthony Towns,Kelly Olynyk,Kevin Porter Jr.,Klay Thompson,PJ Washington,Santi Aldama
Bam Adebayo,Immanuel Quickley,Jordan Poole,Kelly Olynyk,Klay Thompson,Max Christie,Paolo Banchero,Santi Aldama
Bam Adebayo,Dante Exum,De'Aaron Fox,Jalen Duren,Kelly Olynyk,Kevin Porter Jr.,Kyle Kuzma,PJ Washington
Cade Cunningham,De'Aaron Fox,Gregory Jackson,Immanuel Quickley,Kelly Olynyk,Kevin Porter Jr.,Klay Thompson,Kyle Kuzma
Bam Adebayo,Cade Cunningham,De'Aaron Fox,Immanuel Quickley,Kelly Olynyk,Kevin Porter Jr.,Kyshawn George,Tim Hardaway Jr.
Bam Adebayo,Chris Paul,Immanuel Quickley,Kel'el Ware,Kevin Porter Jr.,Orlando Robinson,PJ Washington,Zion Williamson
Ausar Thompson,Bam Adebayo,Immanuel Quickley,Jordan Poole,Kel'el Ware,Kelly Olynyk,Max Strus,RJ Barrett
Immanuel Quickley,Kelly Olynyk,Klay Thompson,Kyrie Irving,PJ Washington,Santi Aldama,Wendell Carter Jr.,Zion Williamson
AJ Green,Bam Adebayo,Chris Paul,De'Aaron Fox,Jordan Poole,Kelly Olynyk,Kyle Kuzma,Tobias Harris
Devin Vassell,Franz Wagner,Immanuel Quickley,Jalen Duren,Jordan Poole,Kelly Olynyk,Kevin Porter Jr.,Precious Achiuwa
Cade Cunningham,Immanuel Quickley,Jalen Duren,Kelly Olynyk,Khris Middleton,Klay Thompson,Kyle Kuzma,Kyshawn George
Bam Adebayo,Cade Cunningham,Dante Exum,Franz Wagner,Kel'el Ware,Kelly Olynyk,Kevin Porter Jr.,Ryan Rollins
De'Aaron Fox,Kel'el Ware,Kelly Olynyk,Kevin Porter Jr.,Klay Thompson,Kyle Kuzma,Tobias Harris,Trey Murphy III
Bam Adebayo,Chris Paul,Darius Garland,Devin Vassell,Karl-Anthony Towns,Kelly Olynyk,Kevin Porter Jr.,Santi Aldama
AJ Green,Bam Adebayo,Cade Cunningham,Kelly Olynyk,Kevin Porter Jr.,PJ Washington,Trey Murphy III,Wendell Carter Jr.
Alexandre Sarr,Ausar Thompson,Bam Adebayo,Chris Paul,De'Aaron Fox,Kelly Olynyk,Max Strus,Zion Williamson
Bam Adebayo,Cade Cunningham,De'Aaron Fox,Devin Vassell,Kelly Olynyk,Kevin Porter Jr.,Santi Aldama,Wendell Carter Jr.
De'Aaron Fox,Devin Vassell,Goga Bitadze,Jordan Poole,Kel'el Ware,Max Strus,Ryan Rollins,Zion Williamson
De'Aaron Fox,Kel'el Ware,Kelly Olynyk,Kevin Porter Jr.,Khris Middleton,Kyrie Irving,Max Strus,PJ Washington
Cade Cunningham,Chris Paul,De'Aaron Fox,Kelly Olynyk,Kevin Porter Jr.,Khris Middleton,Kyshawn George,RJ Barrett
Chris Paul,Karl-Anthony Towns,Kel'el Ware,Kevin Porter Jr.,Klay Thompson,Max Strus,Paolo Banchero,Terry Rozier
Bam Adebayo,De'Aaron Fox,Kelly Olynyk,Kevin Porter Jr.,Klay Thompson,Kyrie Irving,Tobias Harris,Wendell Carter Jr.
Dante Exum,De'Aaron Fox,Karl-Anthony Towns,Kelly Olynyk,Kevin Porter Jr.,Ochai Agbaji,Tobias Harris,Zion Williamson
Ausar Thompson,Cade Cunningham,Chris Paul,Kevin Porter Jr.,Kyle Kuzma,Orlando Robinson,Paolo Banchero,Yves Missi
Bam Adebayo,Cade Cunningham,Chris Paul,Kelly Olynyk,Kevin Porter Jr.,RJ Barrett,Tobias Harris,Wendell Carter Jr.
AJ Green,Bam Adebayo,Cade Cunningham,Devin Vassell,Kel'el Ware,Kelly Olynyk,Kyle Kuzma,Kyshawn George
Bam Adebayo,Cade Cunningham,De'Aaron Fox,Kelly Olynyk,Kevin Porter Jr.,Orlando Robinson,PJ Washington,Tim Hardaway Jr.
Ausar Thompson,Bam Adebayo,Cade Cunningham,De'Aaron Fox,Devin Vassell,Kelly Olynyk,Kevin Porter Jr.,Ryan Rollins
Bam Adebayo,Chris Paul,Darius Garland,Devin Vassell,Jordan Poole,Kelly Olynyk,Kevin Porter Jr.,Kyle Kuzma
De'Aaron Fox,Devin Vassell,Immanuel Quickley,Jalen Duren,Kevin Porter Jr.,Max Christie,Zach Edey,Zion Williamson
CJ McCollum,Chris Paul,Jalen Duren,Kevin Porter Jr.,Max Christie,PJ Washington,Paolo Banchero,Wendell Carter Jr.
Bam Adebayo,Chris Paul,Dante Exum,De'Aaron Fox,Jalen Duren,Kelly Olynyk,Kevin Porter Jr.,Paolo Banchero
Bam Adebayo,Cade Cunningham,Chris Paul,Jordan Poole,Max Christie,Max Strus,Orlando Robinson,Santi Aldama
Cade Cunningham,Dante Exum,De'Aaron Fox,Devin Vassell,Kelly Olynyk,Kevin Porter Jr.,Paolo Banchero,Wendell Carter Jr.
Cade Cunningham,Cole Anthony,Harrison Barnes,Jordan Poole,Kel'el Ware,Kevin Porter Jr.,Klay Thompson,Max Christie
Chris Paul,De'Aaron Fox,Devin Vassell,Jeremy Sochan,Kelly Olynyk,Kyle Kuzma,Kyrie Irving,Wendell Carter Jr.
Ausar Thompson,Chris Paul,De'Aaron Fox,Devin Vassell,Kelly Olynyk,Kevin Porter Jr.,Kyle Kuzma,Kyrie Irving
Cade Cunningham,Kel'el Ware,Kevin Porter Jr.,Klay Thompson,Max Strus,Naji Marshall,Trey Murphy III,Wendell Carter Jr.
Bam Adebayo,Cade Cunningham,Dante Exum,Devin Vassell,Jordan Poole,Kelly Olynyk,Kevin Porter Jr.,Kyshawn George
