CPT,FLEX1,FLEX2,FLEX3,FLEX4,FLEX5
Xavier Worthy,Dallas Goedert,DeVonta Smith,Eagles,Jalen Hurts,Patrick Mahomes
DeVonta Smith,Hollywood Brown,Jake Elliott,Jalen Hurts,Patrick Mahomes,Xavier Worthy
DeVonta Smith,Dallas Goedert,Eagles,Jalen Hurts,Patrick Mahomes,Xavier Worthy
Dallas Goedert,DeVonta Smith,Jake Elliott,Jalen Hurts,Patrick Mahomes,Xavier Worthy
Xavier Worthy,Chiefs,Dallas Goedert,DeVonta Smith,Jalen Hurts,Patrick Mahomes
Jalen Hurts,Dallas Goedert,Hollywood Brown,Jake Elliott,Patrick Mahomes,Xavier Worthy
Xavier Worthy,A.J. Brown,Dallas Goedert,Jalen Hurts,JuJu Smith-Schuster,Patrick Mahomes
Xavier Worthy,A.J. Brown,Jake Elliott,Patrick Mahomes,Samaje Perine,Saquon Barkley
Patrick Mahomes,DeVonta Smith,Jake Elliott,JuJu Smith-Schuster,Saquon Barkley,Xavier Worthy
Patrick Mahomes,Hollywood Brown,Jake Elliott,Jalen Hurts,Kareem Hunt,Xavier Worthy
Saquon Barkley,DeVonta Smith,Jahan Dotson,Jake Elliott,Patrick Mahomes,Xavier Worthy
Jalen Hurts,Dallas Goedert,DeVonta Smith,Noah Gray,Patrick Mahomes,Xavier Worthy
Jalen Hurts,Dallas Goedert,DeVonta Smith,Eagles,Travis Kelce,Xavier Worthy
Xavier Worthy,Dallas Goedert,Hollywood Brown,Jake Elliott,Patrick Mahomes,Saquon Barkley
DeVonta Smith,Jalen Hurts,Patrick Mahomes,Samaje Perine,Travis Kelce,Xavier Worthy
Patrick Mahomes,Dallas Goedert,DeVonta Smith,Jake Elliott,Travis Kelce,Xavier Worthy
DeVonta Smith,Chiefs,Dallas Goedert,Jalen Hurts,Patrick Mahomes,Xavier Worthy
Saquon Barkley,DeVonta Smith,Jake Elliott,Patrick Mahomes,Samaje Perine,Xavier Worthy
Patrick Mahomes,DeVonta Smith,Hollywood Brown,Jake Elliott,Travis Kelce,Xavier Worthy
Patrick Mahomes,A.J. Brown,Hollywood Brown,Jalen Hurts,Samaje Perine,Xavier Worthy
Patrick Mahomes,A.J. Brown,Harrison Butker,Jalen Hurts,JuJu Smith-Schuster,Xavier Worthy
Jalen Hurts,A.J. Brown,DeVonta Smith,Jake Elliott,JuJu Smith-Schuster,Patrick Mahomes
DeVonta Smith,Harrison Butker,Hollywood Brown,Jalen Hurts,Patrick Mahomes,Xavier Worthy
Patrick Mahomes,Hollywood Brown,Jalen Hurts,JuJu Smith-Schuster,Travis Kelce,Xavier Worthy
Xavier Worthy,Dallas Goedert,Harrison Butker,Jalen Hurts,Kareem Hunt,Patrick Mahomes
Jalen Hurts,Dallas Goedert,Eagles,Jake Elliott,Patrick Mahomes,Travis Kelce
Patrick Mahomes,Dallas Goedert,Jalen Hurts,Samaje Perine,Travis Kelce,Xavier Worthy
A.J. Brown,Dallas Goedert,Jalen Hurts,Patrick Mahomes,Samaje Perine,Xavier Worthy
Patrick Mahomes,Hollywood Brown,Jalen Hurts,Samaje Perine,Travis Kelce,Xavier Worthy
Patrick Mahomes,Chiefs,Jalen Hurts,Noah Gray,Travis Kelce,Xavier Worthy
Dallas Goedert,Jalen Hurts,Justin Watson,Patrick Mahomes,Saquon Barkley,Xavier Worthy
Travis Kelce,Dallas Goedert,DeVonta Smith,Jake Elliott,Patrick Mahomes,Xavier Worthy
A.J. Brown,Hollywood Brown,Jalen Hurts,Patrick Mahomes,Samaje Perine,Xavier Worthy
Patrick Mahomes,Jalen Hurts,Kareem Hunt,Samaje Perine,Travis Kelce,Xavier Worthy
Dallas Goedert,DeVonta Smith,Harrison Butker,Jalen Hurts,Patrick Mahomes,Xavier Worthy
Dallas Goedert,A.J. Brown,Jalen Hurts,JuJu Smith-Schuster,Patrick Mahomes,Xavier Worthy
Patrick Mahomes,DeVonta Smith,Hollywood Brown,JuJu Smith-Schuster,Saquon Barkley,Xavier Worthy
A.J. Brown,Harrison Butker,Jalen Hurts,JuJu Smith-Schuster,Patrick Mahomes,Xavier Worthy
Patrick Mahomes,A.J. Brown,Hollywood Brown,Jake Elliott,Kareem Hunt,Xavier Worthy
Xavier Worthy,Chiefs,Dallas Goedert,DeVonta Smith,Patrick Mahomes,Travis Kelce
Dallas Goedert,Jalen Hurts,Patrick Mahomes,Peyton Hendershot,Saquon Barkley,Xavier Worthy
Jalen Hurts,Dallas Goedert,Harrison Butker,Hollywood Brown,Patrick Mahomes,Xavier Worthy
Saquon Barkley,Jake Elliott,Patrick Mahomes,Peyton Hendershot,Travis Kelce,Xavier Worthy
Saquon Barkley,Jake Elliott,Johnny Wilson,Patrick Mahomes,Travis Kelce,Xavier Worthy
Saquon Barkley,Carson Steele,Jake Elliott,Patrick Mahomes,Travis Kelce,Xavier Worthy
Saquon Barkley,E.J. Jenkins,Jake Elliott,Patrick Mahomes,Travis Kelce,Xavier Worthy
A.J. Brown,DeVonta Smith,Jake Elliott,Jalen Hurts,JuJu Smith-Schuster,Patrick Mahomes
Dallas Goedert,A.J. Brown,Jalen Hurts,Noah Gray,Patrick Mahomes,Xavier Worthy
Patrick Mahomes,Dallas Goedert,Harrison Butker,Hollywood Brown,Jalen Hurts,Xavier Worthy
Patrick Mahomes,DeVonta Smith,Hollywood Brown,Samaje Perine,Saquon Barkley,Xavier Worthy
Dallas Goedert,A.J. Brown,Eagles,Jalen Hurts,Travis Kelce,Xavier Worthy
Xavier Worthy,A.J. Brown,Harrison Butker,Patrick Mahomes,Samaje Perine,Saquon Barkley
Patrick Mahomes,DeVonta Smith,Harrison Butker,JuJu Smith-Schuster,Saquon Barkley,Xavier Worthy
Xavier Worthy,Dallas Goedert,DeVonta Smith,Harrison Butker,Patrick Mahomes,Travis Kelce
Xavier Worthy,Dallas Goedert,Patrick Mahomes,Samaje Perine,Saquon Barkley,Travis Kelce
Xavier Worthy,Dallas Goedert,Grant Calcaterra,Patrick Mahomes,Saquon Barkley,Travis Kelce
Saquon Barkley,DeVonta Smith,Harrison Butker,Jahan Dotson,Patrick Mahomes,Xavier Worthy
Hollywood Brown,Dallas Goedert,Jake Elliott,Patrick Mahomes,Saquon Barkley,Xavier Worthy
Travis Kelce,Dallas Goedert,Eagles,Jake Elliott,Jalen Hurts,Patrick Mahomes
Saquon Barkley,DeVonta Smith,Hollywood Brown,Patrick Mahomes,Samaje Perine,Xavier Worthy
Patrick Mahomes,A.J. Brown,Dallas Goedert,JuJu Smith-Schuster,Travis Kelce,Xavier Worthy
Jalen Hurts,A.J. Brown,DeVonta Smith,Hollywood Brown,JuJu Smith-Schuster,Patrick Mahomes
Saquon Barkley,DeVonta Smith,Harrison Butker,Patrick Mahomes,Samaje Perine,Xavier Worthy
Patrick Mahomes,DeVonta Smith,Harrison Butker,Hollywood Brown,Travis Kelce,Xavier Worthy
Patrick Mahomes,Dallas Goedert,Peyton Hendershot,Saquon Barkley,Travis Kelce,Xavier Worthy
Patrick Mahomes,Dallas Goedert,Johnny Wilson,Saquon Barkley,Travis Kelce,Xavier Worthy
Patrick Mahomes,Dallas Goedert,E.J. Jenkins,Saquon Barkley,Travis Kelce,Xavier Worthy
Patrick Mahomes,A.J. Brown,DeVonta Smith,Hollywood Brown,Jalen Hurts,JuJu Smith-Schuster
Hollywood Brown,DeVonta Smith,Jake Elliott,Jalen Hurts,Patrick Mahomes,Travis Kelce
Dallas Goedert,DeVonta Smith,Eagles,Jalen Hurts,Patrick Mahomes,Travis Kelce
A.J. Brown,Eagles,Jalen Hurts,JuJu Smith-Schuster,Patrick Mahomes,Travis Kelce
A.J. Brown,Jake Elliott,Jalen Hurts,Patrick Mahomes,Samaje Perine,Travis Kelce
Jalen Hurts,Dallas Goedert,Eagles,Hollywood Brown,Patrick Mahomes,Travis Kelce
Jalen Hurts,A.J. Brown,DeVonta Smith,Harrison Butker,JuJu Smith-Schuster,Patrick Mahomes
Hollywood Brown,DeVonta Smith,Eagles,Jalen Hurts,Patrick Mahomes,Travis Kelce
Jalen Hurts,Dallas Goedert,DeVonta Smith,JuJu Smith-Schuster,Patrick Mahomes,Travis Kelce
Patrick Mahomes,A.J. Brown,Harrison Butker,JuJu Smith-Schuster,Travis Kelce,Xavier Worthy
Patrick Mahomes,Dallas Goedert,Eagles,Hollywood Brown,Jalen Hurts,Travis Kelce
Patrick Mahomes,Dallas Goedert,DeVonta Smith,Jalen Hurts,JuJu Smith-Schuster,Travis Kelce
Patrick Mahomes,A.J. Brown,Harrison Butker,Noah Gray,Travis Kelce,Xavier Worthy
Patrick Mahomes,A.J. Brown,Dallas Goedert,Harrison Butker,Hollywood Brown,Xavier Worthy
A.J. Brown,DeVonta Smith,Hollywood Brown,Jalen Hurts,JuJu Smith-Schuster,Patrick Mahomes
Dallas Goedert,A.J. Brown,Hollywood Brown,Jake Elliott,Jalen Hurts,Patrick Mahomes
Hollywood Brown,A.J. Brown,Dallas Goedert,Jake Elliott,Jalen Hurts,Patrick Mahomes
Travis Kelce,Dallas Goedert,DeVonta Smith,Harrison Butker,Patrick Mahomes,Xavier Worthy
Patrick Mahomes,DeVonta Smith,Hollywood Brown,Jalen Hurts,Noah Gray,Travis Kelce
Travis Kelce,Dallas Goedert,Johnny Wilson,Patrick Mahomes,Saquon Barkley,Xavier Worthy
Patrick Mahomes,A.J. Brown,Harrison Butker,Hollywood Brown,Kareem Hunt,Xavier Worthy
Patrick Mahomes,Jalen Hurts,JuJu Smith-Schuster,Samaje Perine,Saquon Barkley,Travis Kelce
A.J. Brown,DeVonta Smith,Harrison Butker,Jalen Hurts,JuJu Smith-Schuster,Patrick Mahomes
Travis Kelce,Dallas Goedert,Hollywood Brown,Jake Elliott,Jalen Hurts,Patrick Mahomes
DeVonta Smith,Chiefs,Hollywood Brown,Jalen Hurts,Patrick Mahomes,Travis Kelce
Jalen Hurts,Dallas Goedert,DeVonta Smith,Harrison Butker,Hollywood Brown,Patrick Mahomes
Jalen Hurts,Dallas Goedert,Hollywood Brown,Patrick Mahomes,Samaje Perine,Saquon Barkley
Patrick Mahomes,Dallas Goedert,Harrison Butker,Hollywood Brown,Travis Kelce,Xavier Worthy
A.J. Brown,DeVonta Smith,Harrison Butker,Jalen Hurts,Noah Gray,Patrick Mahomes
Travis Kelce,Dallas Goedert,Eagles,Hollywood Brown,Jalen Hurts,Patrick Mahomes
Travis Kelce,Harrison Butker,Patrick Mahomes,Samaje Perine,Saquon Barkley,Xavier Worthy
Dallas Goedert,Jake Elliott,Jalen Hurts,Kareem Hunt,Patrick Mahomes,Travis Kelce
Travis Kelce,Dallas Goedert,DeVonta Smith,Jalen Hurts,JuJu Smith-Schuster,Patrick Mahomes
Kareem Hunt,Dallas Goedert,Jake Elliott,Jalen Hurts,Patrick Mahomes,Travis Kelce
Hollywood Brown,Dallas Goedert,Harrison Butker,Patrick Mahomes,Saquon Barkley,Xavier Worthy
Dallas Goedert,Chiefs,DeVonta Smith,Jalen Hurts,Patrick Mahomes,Travis Kelce
Travis Kelce,Dallas Goedert,DeVonta Smith,Jalen Hurts,Noah Gray,Patrick Mahomes
A.J. Brown,Chiefs,Jalen Hurts,JuJu Smith-Schuster,Patrick Mahomes,Travis Kelce
Saquon Barkley,Dallas Goedert,Jake Elliott,Jalen Hurts,JuJu Smith-Schuster,Travis Kelce
A.J. Brown,Hollywood Brown,Jalen Hurts,Justin Watson,Patrick Mahomes,Travis Kelce
Patrick Mahomes,A.J. Brown,Dallas Goedert,Hollywood Brown,Jake Elliott,Travis Kelce
Saquon Barkley,Dallas Goedert,Jalen Hurts,JuJu Smith-Schuster,Noah Gray,Patrick Mahomes
A.J. Brown,Dallas Goedert,Jalen Hurts,Patrick Mahomes,Peyton Hendershot,Travis Kelce
A.J. Brown,Carson Steele,Dallas Goedert,Jalen Hurts,Patrick Mahomes,Travis Kelce
Patrick Mahomes,Chiefs,Dallas Goedert,Hollywood Brown,Jalen Hurts,Travis Kelce
Travis Kelce,Jalen Hurts,JuJu Smith-Schuster,Patrick Mahomes,Samaje Perine,Saquon Barkley
Dallas Goedert,A.J. Brown,Jalen Hurts,JuJu Smith-Schuster,Patrick Mahomes,Travis Kelce
Saquon Barkley,Dallas Goedert,Hollywood Brown,Jalen Hurts,Patrick Mahomes,Peyton Hendershot
Saquon Barkley,Dallas Goedert,Hollywood Brown,Jalen Hurts,Johnny Wilson,Patrick Mahomes
Saquon Barkley,Dallas Goedert,E.J. Jenkins,Hollywood Brown,Jalen Hurts,Patrick Mahomes
A.J. Brown,Chiefs,Dallas Goedert,Hollywood Brown,Jalen Hurts,Patrick Mahomes
Hollywood Brown,DeVonta Smith,Harrison Butker,Jalen Hurts,Patrick Mahomes,Travis Kelce
Travis Kelce,Jalen Hurts,Noah Gray,Patrick Mahomes,Samaje Perine,Saquon Barkley
Dallas Goedert,A.J. Brown,Jalen Hurts,Patrick Mahomes,Samaje Perine,Travis Kelce
DeVonta Smith,Dallas Goedert,Jalen Hurts,Samaje Perine,Saquon Barkley,Travis Kelce
A.J. Brown,Harrison Butker,Jalen Hurts,Patrick Mahomes,Samaje Perine,Travis Kelce
Kareem Hunt,Dallas Goedert,Jalen Hurts,JuJu Smith-Schuster,Patrick Mahomes,Saquon Barkley
Dallas Goedert,Hollywood Brown,Jalen Hurts,Noah Gray,Patrick Mahomes,Saquon Barkley
Hollywood Brown,Dallas Goedert,Jalen Hurts,Noah Gray,Patrick Mahomes,Saquon Barkley
Travis Kelce,A.J. Brown,Harrison Butker,Jalen Hurts,Patrick Mahomes,Samaje Perine
Dallas Goedert,DeVonta Smith,Jalen Hurts,JuJu Smith-Schuster,Saquon Barkley,Travis Kelce
Dallas Goedert,A.J. Brown,Harrison Butker,Hollywood Brown,Jalen Hurts,Patrick Mahomes
Hollywood Brown,A.J. Brown,Dallas Goedert,Harrison Butker,Jalen Hurts,Patrick Mahomes
Travis Kelce,Chiefs,Dallas Goedert,Hollywood Brown,Jalen Hurts,Patrick Mahomes
Travis Kelce,Dallas Goedert,DeVonta Smith,Patrick Mahomes,Samaje Perine,Saquon Barkley
Jalen Hurts,Dallas Goedert,Kareem Hunt,Samaje Perine,Saquon Barkley,Travis Kelce
Patrick Mahomes,A.J. Brown,Harrison Butker,Hollywood Brown,JuJu Smith-Schuster,Saquon Barkley
Travis Kelce,Chiefs,Dallas Goedert,Harrison Butker,Jalen Hurts,Patrick Mahomes
Travis Kelce,Dallas Goedert,Harrison Butker,Isiah Pacheco,Jalen Hurts,Patrick Mahomes
Dallas Goedert,Harrison Butker,Hollywood Brown,Jalen Hurts,Patrick Mahomes,Travis Kelce
Dallas Goedert,Harrison Butker,Jalen Hurts,Kareem Hunt,Patrick Mahomes,Travis Kelce
Patrick Mahomes,Dallas Goedert,Hollywood Brown,Noah Gray,Saquon Barkley,Travis Kelce
Saquon Barkley,Dallas Goedert,Hollywood Brown,Jahan Dotson,Patrick Mahomes,Travis Kelce
Kareem Hunt,Dallas Goedert,Harrison Butker,Jalen Hurts,Patrick Mahomes,Travis Kelce
Saquon Barkley,A.J. Brown,Harrison Butker,Hollywood Brown,JuJu Smith-Schuster,Patrick Mahomes
Saquon Barkley,Dallas Goedert,Hollywood Brown,Jalen Hurts,Samaje Perine,Travis Kelce
Patrick Mahomes,A.J. Brown,Dallas Goedert,Harrison Butker,Hollywood Brown,Travis Kelce
Saquon Barkley,Dallas Goedert,Hollywood Brown,Patrick Mahomes,Samaje Perine,Travis Kelce
Saquon Barkley,Dallas Goedert,Harrison Butker,Jalen Hurts,Samaje Perine,Travis Kelce
Saquon Barkley,Dallas Goedert,Harrison Butker,JuJu Smith-Schuster,Patrick Mahomes,Travis Kelce
Travis Kelce,Dallas Goedert,JuJu Smith-Schuster,Kareem Hunt,Patrick Mahomes,Saquon Barkley
Hollywood Brown,Dallas Goedert,Harrison Butker,Patrick Mahomes,Saquon Barkley,Travis Kelce
Travis Kelce,A.J. Brown,Dallas Goedert,Harrison Butker,Hollywood Brown,Patrick Mahomes
